Modelo,MSE,RMSE,MAE,MAPE (%),R2
SARIMA,188776.6850269767,434.4843898542003,292.6370547875498,3.6943539954971656,0.4690652045848964
Holt-Winters,228542.51983855726,478.06120930123296,324.1365248312891,4.028487317955095,0.3572237164944565
LSTM_E4_AdamW,350632.131018392,592.1419855223846,439.2310075431033,5.539794138122582,0.09006598149764644
LSTM_E3_Adam,376374.4648264441,613.4936550824663,453.8423861799569,5.671551429617778,0.02326142146044552
LSTM_E2_AdamW,403416.2861866129,635.1506011857447,462.3072467672413,5.773481483880862,-0.0469154705043997
LSTM_E1_Adam,403491.0660841629,635.2094663055352,460.10269059806024,5.73900452852125,-0.047109533645399715
